bangalore,delhi,lucknow,chennai
10.9964457746042363,10.863433032755094,10.8794276366483136,10.916332648227246
10.9933038008591537,10.860561446594472,10.881771333835552,10.91406386472510
10.990611656,10.866166954,10.885791198,10.92069146
10.866965357,10.872164323,10.887238756,10.93953523
